{"_runtime":29,"val/val_accuracy":0.6955,"_timestamp":1.773616131865479e+09,"train/train_loss":1.3121854066848755,"_wandb":{"runtime":29},"train/epoch":2,"val/val_loss":1.2036404609680176,"train/example_ct":16000,"_step":127}