{"train/epoch":2,"_timestamp":1.773616160719593e+09,"train/train_loss":0.409885048866272,"val/val_accuracy":0.9465,"train/example_ct":16000,"_wandb":{"runtime":27},"_runtime":27,"val/val_loss":0.3520614802837372,"_step":127}