{"train/example_ct":8000,"val/val_loss":0.4758467674255371,"train/train_loss":0.5708417892456055,"_timestamp":1.773616261215415e+09,"_runtime":13,"_step":63,"val/val_accuracy":0.918,"train/epoch":1,"_wandb":{"runtime":13}}